 ,Label,Area,X,Y,Perim.,Major,Minor,Angle,Circ.,AR,Round,Solidity
1,210331_SpiroWS_DiOC6+MTtracker+DAPI_63X_organism1.czi - C=0-1.tif:0074-0180-1111:c:1/4 z:74/74 - 210331_SpiroWS_DiOC6+MTtracker+DAPI_63X_orga,101.407,78.674,12.681,36.633,12.003,10.757,131.532,0.950,1.116,0.896,1.000
2,210331_SpiroWS_DiOC6+MTtracker+DAPI_63X_organism1.czi - C=0-1.tif:0074-0305-1218:c:1/4 z:74/74 - 210331_SpiroWS_DiOC6+MTtracker+DAPI_63X_orga,75.388,86.236,21.507,31.989,11.283,8.507,139.072,0.926,1.326,0.754,1.000
3,210331_SpiroWS_DiOC6+MTtracker+DAPI_63X_organism1.czi - C=0-1.tif:0074-0506-1478:c:1/4 z:74/74 - 210331_SpiroWS_DiOC6+MTtracker+DAPI_63X_orga,53.528,103.951,35.637,27.483,9.723,7.009,156.090,0.891,1.387,0.721,0.999
4,210331_SpiroWS_DiOC6+MTtracker+DAPI_63X_organism1.czi - C=0-1.tif:0074-0534-1315:c:1/4 z:74/74 - 210331_SpiroWS_DiOC6+MTtracker+DAPI_63X_orga,153.257,92.580,37.873,47.528,18.631,10.474,147.028,0.853,1.779,0.562,1.000
5,210331_SpiroWS_DiOC6+MTtracker+DAPI_63X_organism1.czi - C=0-1.tif:0074-0648-1519:c:1/4 z:74/74 - 210331_SpiroWS_DiOC6+MTtracker+DAPI_63X_orga,56.363,107.002,45.870,28.149,10.169,7.057,144.304,0.894,1.441,0.694,1.000
6,210331_SpiroWS_DiOC6+MTtracker+DAPI_63X_organism1.czi - C=0-1.tif:0074-0107-0961:c:1/4 z:74/74 - 210331_SpiroWS_DiOC6+MTtracker+DAPI_63X_orga,66.336,68.087,7.468,29.956,10.090,8.371,107.904,0.929,1.205,0.830,1.000
7,210331_SpiroWS_DiOC6+MTtracker+DAPI_63X_organism1.czi - C=0-1.tif:0074-0109-0802:c:1/4 z:74/74 - 210331_SpiroWS_DiOC6+MTtracker+DAPI_63X_orga,54.744,56.611,7.819,27.756,10.392,6.707,152.694,0.893,1.549,0.645,0.999
8,210331_SpiroWS_DiOC6+MTtracker+DAPI_63X_organism1.czi - C=0-1.tif:0074-0241-0934:c:1/4 z:74/74 - 210331_SpiroWS_DiOC6+MTtracker+DAPI_63X_orga,56.482,65.916,16.961,28.135,10.500,6.849,136.388,0.897,1.533,0.652,1.000
9,210331_SpiroWS_DiOC6+MTtracker+DAPI_63X_organism1.czi - C=0-1.tif:0074-0759-1539:c:1/4 z:74/74 - 210331_SpiroWS_DiOC6+MTtracker+DAPI_63X_orga,37.258,108.730,53.327,23.063,8.109,5.850,129.003,0.880,1.386,0.722,1.001
10,210331_SpiroWS_DiOC6+MTtracker+DAPI_63X_organism1.czi - C=0-1.tif:0074-0853-1568:c:1/4 z:74/74 - 210331_SpiroWS_DiOC6+MTtracker+DAPI_63X_orga,7.781,110.660,60.206,10.504,3.523,2.812,135.384,0.886,1.253,0.798,0.996
11,210331_SpiroWS_DiOC6+MTtracker+DAPI_63X_organism1.czi - C=0-1.tif:0074-0927-1539:c:1/4 z:74/74 - 210331_SpiroWS_DiOC6+MTtracker+DAPI_63X_orga,52.089,108.519,65.169,28.530,11.160,5.943,123.910,0.804,1.878,0.533,1.000
12,210331_SpiroWS_DiOC6+MTtracker+DAPI_63X_organism1.czi - C=0-1.tif:0074-0421-1144:c:1/4 z:74/74 - 210331_SpiroWS_DiOC6+MTtracker+DAPI_63X_orga,37.881,80.675,29.730,24.649,9.953,4.846,164.115,0.783,2.054,0.487,0.999
13,210331_SpiroWS_DiOC6+MTtracker+DAPI_63X_organism1.czi - C=0-1.tif:0074-0446-0927:c:1/4 z:74/74 - 210331_SpiroWS_DiOC6+MTtracker+DAPI_63X_orga,84.016,65.378,31.661,33.645,11.880,9.005,154.379,0.933,1.319,0.758,1.000
14,210331_SpiroWS_DiOC6+MTtracker+DAPI_63X_organism1.czi - C=0-1.tif:0074-0532-1018:c:1/4 z:74/74 - 210331_SpiroWS_DiOC6+MTtracker+DAPI_63X_orga,56.039,71.788,37.690,29.401,11.784,6.055,9.642,0.815,1.946,0.514,1.000
15,210331_SpiroWS_DiOC6+MTtracker+DAPI_63X_organism1.czi - C=0-1.tif:0074-0628-1048:c:1/4 z:74/74 - 210331_SpiroWS_DiOC6+MTtracker+DAPI_63X_orga,60.363,74.109,44.257,30.718,12.047,6.379,169.102,0.804,1.888,0.530,1.000
16,210331_SpiroWS_DiOC6+MTtracker+DAPI_63X_organism1.czi - C=0-1.tif:0074-0192-0749:c:1/4 z:74/74 - 210331_SpiroWS_DiOC6+MTtracker+DAPI_63X_orga,46.758,53.069,13.441,25.561,9.069,6.564,131.952,0.899,1.382,0.724,1.000
17,210331_SpiroWS_DiOC6+MTtracker+DAPI_63X_organism1.czi - C=0-1.tif:0074-0596-0849:c:1/4 z:74/74 - 210331_SpiroWS_DiOC6+MTtracker+DAPI_63X_orga,93.880,60.491,42.387,39.600,15.733,7.598,0.206,0.752,2.071,0.483,0.972
18,210331_SpiroWS_DiOC6+MTtracker+DAPI_63X_organism1.czi - C=0-1.tif:0074-0506-0648:c:1/4 z:74/74 - 210331_SpiroWS_DiOC6+MTtracker+DAPI_63X_orga,46.335,45.550,35.719,26.388,10.215,5.776,138.793,0.836,1.769,0.565,0.999
19,210331_SpiroWS_DiOC6+MTtracker+DAPI_63X_organism1.czi - C=0-1.tif:0074-0291-0424:c:1/4 z:74/74 - 210331_SpiroWS_DiOC6+MTtracker+DAPI_63X_orga,74.606,29.896,20.539,31.460,10.163,9.347,78.406,0.947,1.087,0.920,1.000
20,210331_SpiroWS_DiOC6+MTtracker+DAPI_63X_organism1.czi - C=0-1.tif:0074-0147-0646:c:1/4 z:74/74 - 210331_SpiroWS_DiOC6+MTtracker+DAPI_63X_orga,41.712,45.554,10.280,23.565,7.771,6.834,107.649,0.944,1.137,0.879,1.000
21,210331_SpiroWS_DiOC6+MTtracker+DAPI_63X_organism1.czi - C=0-1.tif:0074-0177-0536:c:1/4 z:74/74 - 210331_SpiroWS_DiOC6+MTtracker+DAPI_63X_orga,48.532,37.751,12.655,25.275,7.912,7.810,173.538,0.955,1.013,0.987,1.000
22,210331_SpiroWS_DiOC6+MTtracker+DAPI_63X_organism1.czi - C=0-1.tif:0074-0449-0482:c:1/4 z:74/74 - 210331_SpiroWS_DiOC6+MTtracker+DAPI_63X_orga,110.006,34.084,31.316,39.278,14.758,9.491,149.937,0.896,1.555,0.643,1.000
23,210331_SpiroWS_DiOC6+MTtracker+DAPI_63X_organism1.czi - C=0-1.tif:0074-0538-0442:c:1/4 z:74/74 - 210331_SpiroWS_DiOC6+MTtracker+DAPI_63X_orga,38.573,30.957,38.169,23.776,9.013,5.449,149.543,0.857,1.654,0.605,0.999
24,210331_SpiroWS_DiOC6+MTtracker+DAPI_63X_organism1.czi - C=0-1.tif:0074-0565-0592:c:1/4 z:74/74 - 210331_SpiroWS_DiOC6+MTtracker+DAPI_63X_orga,24.201,41.404,40.077,19.286,7.163,4.302,3.333,0.818,1.665,0.601,1.000
25,210331_SpiroWS_DiOC6+MTtracker+DAPI_63X_organism1.czi - C=0-1.tif:0074-0665-0654:c:1/4 z:74/74 - 210331_SpiroWS_DiOC6+MTtracker+DAPI_63X_orga,139.722,46.501,47.048,43.639,15.600,11.404,162.599,0.922,1.368,0.731,1.000
26,210331_SpiroWS_DiOC6+MTtracker+DAPI_63X_organism1.czi - C=0-1.tif:0074-0716-0480:c:1/4 z:74/74 - 210331_SpiroWS_DiOC6+MTtracker+DAPI_63X_orga,111.620,33.923,50.418,38.981,13.702,10.372,156.645,0.923,1.321,0.757,1.000
27,210331_SpiroWS_DiOC6+MTtracker+DAPI_63X_organism1.czi - C=0-1.tif:0074-0757-0346:c:1/4 z:74/74 - 210331_SpiroWS_DiOC6+MTtracker+DAPI_63X_orga,53.055,24.599,53.125,29.568,12.118,5.574,149.918,0.763,2.174,0.460,1.000
28,210331_SpiroWS_DiOC6+MTtracker+DAPI_63X_organism1.czi - C=0-1.tif:0074-1347-0759:c:1/4 z:74/74 - 210331_SpiroWS_DiOC6+MTtracker+DAPI_63X_orga,43.331,53.654,94.699,25.570,9.800,5.630,84.104,0.833,1.741,0.574,1.000
29,210331_SpiroWS_DiOC6+MTtracker+DAPI_63X_organism1.czi - C=0-1.tif:0074-1487-0350:c:1/4 z:74/74 - 210331_SpiroWS_DiOC6+MTtracker+DAPI_63X_orga,44.018,24.699,104.916,24.967,9.304,6.024,142.425,0.887,1.545,0.647,1.000
30,210331_SpiroWS_DiOC6+MTtracker+DAPI_63X_organism1.czi - C=0-1.tif:0074-1701-0435:c:1/4 z:74/74 - 210331_SpiroWS_DiOC6+MTtracker+DAPI_63X_orga,269.784,30.441,120.334,60.728,22.466,15.290,139.131,0.919,1.469,0.681,1.000
31,210331_SpiroWS_DiOC6+MTtracker+DAPI_63X_organism1.czi - C=0-1.tif:0074-0888-0740:c:1/4 z:74/74 - 210331_SpiroWS_DiOC6+MTtracker+DAPI_63X_orga,60.368,52.234,62.677,29.065,10.592,7.257,138.112,0.898,1.459,0.685,1.000
32,210331_SpiroWS_DiOC6+MTtracker+DAPI_63X_organism1.czi - C=0-1.tif:0074-0787-0660:c:1/4 z:74/74 - 210331_SpiroWS_DiOC6+MTtracker+DAPI_63X_orga,40.830,46.571,55.502,23.902,8.624,6.028,172.389,0.898,1.431,0.699,1.000
33,210331_SpiroWS_DiOC6+MTtracker+DAPI_63X_organism1.czi - C=0-1.tif:0074-0532-0330:c:1/4 z:74/74 - 210331_SpiroWS_DiOC6+MTtracker+DAPI_63X_orga,31.444,23.145,37.528,21.795,8.417,4.756,161.683,0.832,1.770,0.565,1.001
34,210331_SpiroWS_DiOC6+MTtracker+DAPI_63X_organism1.czi - C=0-1.tif:0062-1107-0568:c:1/4 z:62/74 - 210331_SpiroWS_DiOC6+MTtracker+DAPI_63X_orga,237.248,40.083,77.789,59.697,23.086,13.085,151.504,0.837,1.764,0.567,1.000
35,210331_SpiroWS_DiOC6+MTtracker+DAPI_63X_organism1.czi - C=0-1.tif:0062-0890-0587:c:1/4 z:62/74 - 210331_SpiroWS_DiOC6+MTtracker+DAPI_63X_orga,259.073,41.327,62.830,58.982,21.089,15.641,145.699,0.936,1.348,0.742,1.000
36,210331_SpiroWS_DiOC6+MTtracker+DAPI_63X_organism1.czi - C=0-1.tif:0062-1301-0526:c:1/4 z:62/74 - 210331_SpiroWS_DiOC6+MTtracker+DAPI_63X_orga,426.598,36.750,92.248,78.737,30.529,17.792,150.903,0.865,1.716,0.583,0.994
37,210331_SpiroWS_DiOC6+MTtracker+DAPI_63X_organism1.czi - C=0-1.tif:0062-1306-1320:c:1/4 z:62/74 - 210331_SpiroWS_DiOC6+MTtracker+DAPI_63X_orga,67.686,92.851,92.370,31.466,12.152,7.092,129.543,0.859,1.713,0.584,1.000
38,210331_SpiroWS_DiOC6+MTtracker+DAPI_63X_organism1.czi - C=0-1.tif:0062-1191-1259:c:1/4 z:62/74 - 210331_SpiroWS_DiOC6+MTtracker+DAPI_63X_orga,22.846,88.839,84.049,17.704,5.972,4.871,53.401,0.916,1.226,0.816,0.999
39,210331_SpiroWS_DiOC6+MTtracker+DAPI_63X_organism1.czi - C=0-1.tif:0062-1382-1449:c:1/4 z:62/74 - 210331_SpiroWS_DiOC6+MTtracker+DAPI_63X_orga,34.787,102.051,97.719,22.183,8.006,5.533,142.726,0.888,1.447,0.691,1.000
40,210331_SpiroWS_DiOC6+MTtracker+DAPI_63X_organism1.czi - C=0-1.tif:0062-1264-1386:c:1/4 z:62/74 - 210331_SpiroWS_DiOC6+MTtracker+DAPI_63X_orga,36.033,97.822,88.689,26.020,10.449,4.391,137.014,0.669,2.380,0.420,0.997
41,210331_SpiroWS_DiOC6+MTtracker+DAPI_63X_organism1.czi - C=0-1.tif:0062-1319-1503:c:1/4 z:62/74 - 210331_SpiroWS_DiOC6+MTtracker+DAPI_63X_orga,16.848,106.079,93.076,16.175,6.254,3.430,148.424,0.809,1.823,0.548,1.001
42,210331_SpiroWS_DiOC6+MTtracker+DAPI_63X_organism1.czi - C=0-1.tif:0062-1046-1466:c:1/4 z:62/74 - 210331_SpiroWS_DiOC6+MTtracker+DAPI_63X_orga,127.178,103.487,73.675,43.242,16.936,9.561,139.243,0.855,1.771,0.565,1.000
43,210331_SpiroWS_DiOC6+MTtracker+DAPI_63X_organism1.czi - C=0-1.tif:0062-0988-1310:c:1/4 z:62/74 - 210331_SpiroWS_DiOC6+MTtracker+DAPI_63X_orga,73.938,92.683,69.362,37.695,16.244,5.795,114.478,0.654,2.803,0.357,1.000
44,210331_SpiroWS_DiOC6+MTtracker+DAPI_63X_organism1.czi - C=0-1.tif:0062-0934-1532:c:1/4 z:62/74 - 210331_SpiroWS_DiOC6+MTtracker+DAPI_63X_orga,75.069,108.129,65.826,33.437,13.273,7.201,119.861,0.844,1.843,0.543,1.000
45,210331_SpiroWS_DiOC6+MTtracker+DAPI_63X_organism1.czi - C=0-1.tif:0062-0825-1549:c:1/4 z:62/74 - 210331_SpiroWS_DiOC6+MTtracker+DAPI_63X_orga,21.730,109.414,58.135,18.008,6.990,3.958,105.515,0.842,1.766,0.566,1.002
46,210331_SpiroWS_DiOC6+MTtracker+DAPI_63X_organism1.czi - C=0-1.tif:0062-0527-1761:c:1/4 z:62/74 - 210331_SpiroWS_DiOC6+MTtracker+DAPI_63X_orga,34.842,124.134,37.286,23.183,9.069,4.892,174.300,0.815,1.854,0.539,1.001
47,210331_SpiroWS_DiOC6+MTtracker+DAPI_63X_organism1.czi - C=0-1.tif:0062-0611-1770:c:1/4 z:62/74 - 210331_SpiroWS_DiOC6+MTtracker+DAPI_63X_orga,31.170,125.114,42.853,22.606,8.869,4.475,145.246,0.766,1.982,0.504,1.000
48,210331_SpiroWS_DiOC6+MTtracker+DAPI_63X_organism1.czi - C=0-1.tif:0062-0769-1702:c:1/4 z:62/74 - 210331_SpiroWS_DiOC6+MTtracker+DAPI_63X_orga,39.485,120.054,54.310,25.210,10.158,4.949,173.900,0.781,2.053,0.487,1.000
49,210331_SpiroWS_DiOC6+MTtracker+DAPI_63X_organism1.czi - C=0-1.tif:0062-0685-1705:c:1/4 z:62/74 - 210331_SpiroWS_DiOC6+MTtracker+DAPI_63X_orga,63.606,120.264,48.458,29.509,10.646,7.607,167.941,0.918,1.399,0.715,1.002
50,210331_SpiroWS_DiOC6+MTtracker+DAPI_63X_organism1.czi - C=0-1.tif:0062-0917-0416:c:1/4 z:62/74 - 210331_SpiroWS_DiOC6+MTtracker+DAPI_63X_orga,66.371,29.312,64.798,31.060,11.755,7.189,110.052,0.865,1.635,0.612,0.999
51,210331_SpiroWS_DiOC6+MTtracker+DAPI_63X_organism1.czi - C=0-1.tif:0062-1048-0724:c:1/4 z:62/74 - 210331_SpiroWS_DiOC6+MTtracker+DAPI_63X_orga,49.075,51.260,73.937,25.973,9.419,6.634,126.678,0.914,1.420,0.704,0.999
52,210331_SpiroWS_DiOC6+MTtracker+DAPI_63X_organism1.czi - C=0-1.tif:0062-1153-0850:c:1/4 z:62/74 - 210331_SpiroWS_DiOC6+MTtracker+DAPI_63X_orga,99.086,59.947,81.442,36.668,12.749,9.895,141.028,0.926,1.288,0.776,1.001
53,210331_SpiroWS_DiOC6+MTtracker+DAPI_63X_organism1.czi - C=0-1.tif:0062-1393-0279:c:1/4 z:62/74 - 210331_SpiroWS_DiOC6+MTtracker+DAPI_63X_orga,234.165,19.805,98.130,57.607,22.134,13.470,135.641,0.887,1.643,0.609,1.000
54,210331_SpiroWS_DiOC6+MTtracker+DAPI_63X_organism1.czi - C=0-1.tif:0062-0721-1415:c:1/4 z:62/74 - 210331_SpiroWS_DiOC6+MTtracker+DAPI_63X_orga,81.839,99.858,50.987,35.430,14.120,7.379,150.560,0.819,1.913,0.523,1.000
55,210331_SpiroWS_DiOC6+MTtracker+DAPI_63X_organism1.czi - C=0-1.tif:0062-0856-1286:c:1/4 z:62/74 - 210331_SpiroWS_DiOC6+MTtracker+DAPI_63X_orga,25.511,91.184,60.438,22.456,9.023,3.600,146.927,0.636,2.507,0.399,0.953
56,210331_SpiroWS_DiOC6+MTtracker+DAPI_63X_organism1.czi - C=0-1.tif:0062-0173-1271:c:1/4 z:62/74 - 210331_SpiroWS_DiOC6+MTtracker+DAPI_63X_orga,67.502,89.864,12.133,30.235,10.710,8.025,148.572,0.928,1.335,0.749,1.000
57,210331_SpiroWS_DiOC6+MTtracker+DAPI_63X_organism1.czi - C=0-1.tif:0062-0302-1254:c:1/4 z:62/74 - 210331_SpiroWS_DiOC6+MTtracker+DAPI_63X_orga,64.174,88.505,21.279,30.645,11.888,6.873,151.115,0.859,1.729,0.578,1.000
58,210331_SpiroWS_DiOC6+MTtracker+DAPI_63X_organism1.czi - C=0-1.tif:0062-0459-0495:c:1/4 z:62/74 - 210331_SpiroWS_DiOC6+MTtracker+DAPI_63X_orga,103.370,34.657,32.285,37.676,13.069,10.071,148.773,0.915,1.298,0.771,1.001
59,210331_SpiroWS_DiOC6+MTtracker+DAPI_63X_organism1.czi - C=0-1.tif:0062-0307-0323:c:1/4 z:62/74 - 210331_SpiroWS_DiOC6+MTtracker+DAPI_63X_orga,68.752,22.840,21.836,30.288,9.985,8.767,138.148,0.942,1.139,0.878,1.000
60,210331_SpiroWS_DiOC6+MTtracker+DAPI_63X_organism1.czi - C=0-1.tif:0062-0767-0362:c:1/4 z:62/74 - 210331_SpiroWS_DiOC6+MTtracker+DAPI_63X_orga,70.974,25.900,53.961,32.159,11.872,7.612,158.656,0.862,1.560,0.641,0.988
61,210331_SpiroWS_DiOC6+MTtracker+DAPI_63X_organism1.czi - C=0-1.tif:0062-0316-1076:c:1/4 z:62/74 - 210331_SpiroWS_DiOC6+MTtracker+DAPI_63X_orga,161.517,75.668,22.332,49.423,18.813,10.931,157.087,0.831,1.721,0.581,1.000
62,210331_SpiroWS_DiOC6+MTtracker+DAPI_63X_organism1.czi - C=0-1.tif:0062-0423-1311:c:1/4 z:62/74 - 210331_SpiroWS_DiOC6+MTtracker+DAPI_63X_orga,66.142,92.691,29.852,30.730,11.643,7.233,160.907,0.880,1.610,0.621,1.001
63,210331_SpiroWS_DiOC6+MTtracker+DAPI_63X_organism1.czi - C=0-1.tif:0062-0412-0821:c:1/4 z:62/74 - 210331_SpiroWS_DiOC6+MTtracker+DAPI_63X_orga,60.836,57.823,29.195,29.731,11.131,6.959,163.054,0.865,1.599,0.625,0.999
64,210331_SpiroWS_DiOC6+MTtracker+DAPI_63X_organism1.czi - C=0-1.tif:0056-0501-1112:c:1/4 z:56/74 - 210331_SpiroWS_DiOC6+MTtracker+DAPI_63X_orga,224.047,79.005,34.713,58.319,22.833,12.493,165.409,0.828,1.828,0.547,1.000
65,210331_SpiroWS_DiOC6+MTtracker+DAPI_63X_organism1.czi - C=0-1.tif:0056-1218-1503:c:1/4 z:56/74 - 210331_SpiroWS_DiOC6+MTtracker+DAPI_63X_orga,105.403,106.243,85.401,39.699,15.197,8.831,148.892,0.840,1.721,0.581,1.000
66,210331_SpiroWS_DiOC6+MTtracker+DAPI_63X_organism1.czi - C=0-1.tif:0056-0447-1765:c:1/4 z:56/74 - 210331_SpiroWS_DiOC6+MTtracker+DAPI_63X_orga,44.691,124.646,31.724,25.314,9.338,6.093,178.653,0.876,1.532,0.653,1.000
67,210331_SpiroWS_DiOC6+MTtracker+DAPI_63X_organism1.czi - C=0-1.tif:0056-0470-1458:c:1/4 z:56/74 - 210331_SpiroWS_DiOC6+MTtracker+DAPI_63X_orga,49.259,102.893,33.201,25.799,9.050,6.930,143.932,0.930,1.306,0.766,1.000
68,210331_SpiroWS_DiOC6+MTtracker+DAPI_63X_organism1.czi - C=0-1.tif:0056-0303-1255:c:1/4 z:56/74 - 210331_SpiroWS_DiOC6+MTtracker+DAPI_63X_orga,82.362,88.524,21.532,33.994,12.709,8.251,143.037,0.896,1.540,0.649,1.001
69,210331_SpiroWS_DiOC6+MTtracker+DAPI_63X_organism1.czi - C=0-1.tif:0056-0431-1313:c:1/4 z:56/74 - 210331_SpiroWS_DiOC6+MTtracker+DAPI_63X_orga,64.448,92.731,30.350,30.830,11.578,7.088,166.628,0.852,1.634,0.612,1.000
70,210331_SpiroWS_DiOC6+MTtracker+DAPI_63X_organism1.czi - C=0-1.tif:0056-0181-1152:c:1/4 z:56/74 - 210331_SpiroWS_DiOC6+MTtracker+DAPI_63X_orga,42.768,81.355,12.802,24.379,8.897,6.121,120.893,0.904,1.454,0.688,1.000
71,210331_SpiroWS_DiOC6+MTtracker+DAPI_63X_organism1.czi - C=0-1.tif:0056-0178-0954:c:1/4 z:56/74 - 210331_SpiroWS_DiOC6+MTtracker+DAPI_63X_orga,102.817,67.073,12.593,37.126,13.215,9.906,150.104,0.937,1.334,0.750,1.000
72,210331_SpiroWS_DiOC6+MTtracker+DAPI_63X_organism1.czi - C=0-1.tif:0056-0278-0866:c:1/4 z:56/74 - 210331_SpiroWS_DiOC6+MTtracker+DAPI_63X_orga,58.734,61.029,19.776,28.814,10.369,7.212,128.592,0.889,1.438,0.696,1.000
73,210331_SpiroWS_DiOC6+MTtracker+DAPI_63X_organism1.czi - C=0-1.tif:0056-0186-0740:c:1/4 z:56/74 - 210331_SpiroWS_DiOC6+MTtracker+DAPI_63X_orga,67.492,52.081,12.990,30.497,10.927,7.865,143.884,0.912,1.389,0.720,1.000
74,210331_SpiroWS_DiOC6+MTtracker+DAPI_63X_organism1.czi - C=0-1.tif:0056-0584-0844:c:1/4 z:56/74 - 210331_SpiroWS_DiOC6+MTtracker+DAPI_63X_orga,65.873,59.787,41.441,30.329,10.607,7.907,176.880,0.900,1.341,0.745,1.000
75,210331_SpiroWS_DiOC6+MTtracker+DAPI_63X_organism1.czi - C=0-1.tif:0056-0505-0796:c:1/4 z:56/74 - 210331_SpiroWS_DiOC6+MTtracker+DAPI_63X_orga,60.303,55.752,35.467,29.399,10.650,7.209,2.833,0.877,1.477,0.677,1.000
76,210331_SpiroWS_DiOC6+MTtracker+DAPI_63X_organism1.czi - C=0-1.tif:0056-1303-1207:c:1/4 z:56/74 - 210331_SpiroWS_DiOC6+MTtracker+DAPI_63X_orga,41.004,85.164,91.967,23.766,8.258,6.323,90.402,0.912,1.306,0.766,1.000
77,210331_SpiroWS_DiOC6+MTtracker+DAPI_63X_organism1.czi - C=0-1.tif:0056-0143-0623:c:1/4 z:56/74 - 210331_SpiroWS_DiOC6+MTtracker+DAPI_63X_orga,22.856,44.096,9.899,17.845,6.358,4.577,93.814,0.902,1.389,0.720,1.002
78,210331_SpiroWS_DiOC6+MTtracker+DAPI_63X_organism1.czi - C=0-1.tif:0056-0292-1372:c:1/4 z:56/74 - 210331_SpiroWS_DiOC6+MTtracker+DAPI_63X_orga,45.941,96.916,20.518,25.082,8.735,6.697,124.083,0.918,1.304,0.767,1.000
79,210331_SpiroWS_DiOC6+MTtracker+DAPI_63X_organism1.czi - C=0-1.tif:0009-0560-1667:c:1/4 z:9/74 - 210331_SpiroWS_DiOC6+MTtracker+DAPI_63X_organ,30.035,117.743,39.568,20.686,7.619,5.019,151.114,0.882,1.518,0.659,1.000
80,210331_SpiroWS_DiOC6+MTtracker+DAPI_63X_organism1.czi - C=0-1.tif:0009-0640-1640:c:1/4 z:9/74 - 210331_SpiroWS_DiOC6+MTtracker+DAPI_63X_organ,48.766,115.507,45.133,26.151,9.442,6.576,152.568,0.896,1.436,0.696,1.001
81,210331_SpiroWS_DiOC6+MTtracker+DAPI_63X_organism1.czi - C=0-1.tif:0009-0678-1767:c:1/4 z:9/74 - 210331_SpiroWS_DiOC6+MTtracker+DAPI_63X_organ,38.369,124.803,47.824,23.226,8.451,5.781,168.748,0.894,1.462,0.684,1.000
82,210331_SpiroWS_DiOC6+MTtracker+DAPI_63X_organism1.czi - C=0-1.tif:0009-0821-1764:c:1/4 z:9/74 - 210331_SpiroWS_DiOC6+MTtracker+DAPI_63X_organ,14.831,124.370,58.017,14.709,5.477,3.447,147.452,0.861,1.589,0.629,1.000
83,210331_SpiroWS_DiOC6+MTtracker+DAPI_63X_organism1.czi - C=0-1.tif:0009-0914-1837:c:1/4 z:9/74 - 210331_SpiroWS_DiOC6+MTtracker+DAPI_63X_organ,50.768,129.548,64.579,26.026,8.894,7.268,112.153,0.942,1.224,0.817,1.000
84,210331_SpiroWS_DiOC6+MTtracker+DAPI_63X_organism1.czi - C=0-1.tif:0009-1055-1534:c:1/4 z:9/74 - 210331_SpiroWS_DiOC6+MTtracker+DAPI_63X_organ,185.020,108.967,73.877,51.498,19.157,12.297,128.545,0.877,1.558,0.642,1.000
85,210331_SpiroWS_DiOC6+MTtracker+DAPI_63X_organism1.czi - C=0-1.tif:0009-0954-1201:c:1/4 z:9/74 - 210331_SpiroWS_DiOC6+MTtracker+DAPI_63X_organ,276.031,84.878,67.506,64.223,25.598,13.730,160.715,0.841,1.864,0.536,1.000
86,210331_SpiroWS_DiOC6+MTtracker+DAPI_63X_organism1.czi - C=0-1.tif:0009-1145-1414:c:1/4 z:9/74 - 210331_SpiroWS_DiOC6+MTtracker+DAPI_63X_organ,151.972,99.572,80.972,46.384,17.315,11.175,145.575,0.888,1.549,0.645,1.000
87,210331_SpiroWS_DiOC6+MTtracker+DAPI_63X_organism1.czi - C=0-1.tif:0009-1172-1231:c:1/4 z:9/74 - 210331_SpiroWS_DiOC6+MTtracker+DAPI_63X_organ,73.849,87.111,82.739,32.197,11.601,8.105,139.401,0.895,1.431,0.699,1.000
88,210331_SpiroWS_DiOC6+MTtracker+DAPI_63X_organism1.czi - C=0-1.tif:0009-1356-1408:c:1/4 z:9/74 - 210331_SpiroWS_DiOC6+MTtracker+DAPI_63X_organ,52.941,99.321,95.752,27.692,10.557,6.385,131.184,0.868,1.653,0.605,0.999
89,210331_SpiroWS_DiOC6+MTtracker+DAPI_63X_organism1.czi - C=0-1.tif:0009-1426-1577:c:1/4 z:9/74 - 210331_SpiroWS_DiOC6+MTtracker+DAPI_63X_organ,111.256,111.384,100.465,38.712,13.459,10.525,153.557,0.933,1.279,0.782,1.000
90,210331_SpiroWS_DiOC6+MTtracker+DAPI_63X_organism1.czi - C=0-1.tif:0009-1556-1616:c:1/4 z:9/74 - 210331_SpiroWS_DiOC6+MTtracker+DAPI_63X_organ,37.129,113.949,109.659,22.547,7.344,6.437,164.982,0.918,1.141,0.877,1.001
91,210331_SpiroWS_DiOC6+MTtracker+DAPI_63X_organism1.czi - C=0-1.tif:0009-1559-1472:c:1/4 z:9/74 - 210331_SpiroWS_DiOC6+MTtracker+DAPI_63X_organ,93.407,104.306,109.686,36.995,13.643,8.717,146.940,0.858,1.565,0.639,0.999
92,210331_SpiroWS_DiOC6+MTtracker+DAPI_63X_organism1.czi - C=0-1.tif:0009-0789-0927:c:1/4 z:9/74 - 210331_SpiroWS_DiOC6+MTtracker+DAPI_63X_organ,91.300,65.639,55.629,40.039,17.197,6.760,159.074,0.716,2.544,0.393,0.999
93,210331_SpiroWS_DiOC6+MTtracker+DAPI_63X_organism1.czi - C=0-1.tif:0009-0885-0844:c:1/4 z:9/74 - 210331_SpiroWS_DiOC6+MTtracker+DAPI_63X_organ,272.907,59.496,62.876,66.642,27.354,12.703,154.312,0.772,2.153,0.464,0.986
94,210331_SpiroWS_DiOC6+MTtracker+DAPI_63X_organism1.czi - C=0-1.tif:0009-0670-0952:c:1/4 z:9/74 - 210331_SpiroWS_DiOC6+MTtracker+DAPI_63X_organ,87.753,67.327,47.240,36.170,14.298,7.815,157.761,0.843,1.830,0.547,1.001
95,210331_SpiroWS_DiOC6+MTtracker+DAPI_63X_organism1.czi - C=0-1.tif:0009-1311-1217:c:1/4 z:9/74 - 210331_SpiroWS_DiOC6+MTtracker+DAPI_63X_organ,72.205,86.300,92.364,32.386,12.046,7.632,151.847,0.865,1.578,0.634,0.999
96,210331_SpiroWS_DiOC6+MTtracker+DAPI_63X_organism1.czi - C=0-1.tif:0009-0780-1510:c:1/4 z:9/74 - 210331_SpiroWS_DiOC6+MTtracker+DAPI_63X_organ,200.553,106.358,55.269,53.651,20.765,12.298,162.842,0.876,1.689,0.592,1.000
97,210331_SpiroWS_DiOC6+MTtracker+DAPI_63X_organism1.czi - C=0-1.tif:0009-0769-1231:c:1/4 z:9/74 - 210331_SpiroWS_DiOC6+MTtracker+DAPI_63X_organ,118.475,86.678,54.286,40.159,14.647,10.299,162.379,0.923,1.422,0.703,1.000
98,210331_SpiroWS_DiOC6+MTtracker+DAPI_63X_organism1.czi - C=0-1.tif:0009-0592-1134:c:1/4 z:9/74 - 210331_SpiroWS_DiOC6+MTtracker+DAPI_63X_organ,31.156,80.139,41.827,21.843,8.428,4.707,148.726,0.821,1.791,0.558,1.001
99,210331_SpiroWS_DiOC6+MTtracker+DAPI_63X_organism1.czi - C=0-1.tif:0009-0450-0481:c:1/4 z:9/74 - 210331_SpiroWS_DiOC6+MTtracker+DAPI_63X_organ,196.976,33.586,31.945,52.119,18.746,13.378,129.020,0.911,1.401,0.714,0.998
100,210331_SpiroWS_DiOC6+MTtracker+DAPI_63X_organism1.czi - C=0-1.tif:0009-0577-0380:c:1/4 z:9/74 - 210331_SpiroWS_DiOC6+MTtracker+DAPI_63X_organ,62.715,26.498,40.930,29.745,11.008,7.254,141.181,0.891,1.518,0.659,1.000
101,210331_SpiroWS_DiOC6+MTtracker+DAPI_63X_organism1.czi - C=0-1.tif:0009-0693-0428:c:1/4 z:9/74 - 210331_SpiroWS_DiOC6+MTtracker+DAPI_63X_organ,37.228,30.267,48.789,24.179,9.514,4.982,163.525,0.800,1.910,0.524,1.000
102,210331_SpiroWS_DiOC6+MTtracker+DAPI_63X_organism1.czi - C=0-1.tif:0009-0809-0380:c:1/4 z:9/74 - 210331_SpiroWS_DiOC6+MTtracker+DAPI_63X_organ,82.377,26.621,56.892,33.054,10.644,9.854,136.992,0.947,1.080,0.926,1.001
103,210331_SpiroWS_DiOC6+MTtracker+DAPI_63X_organism1.czi - C=0-1.tif:0009-0725-0208:c:1/4 z:9/74 - 210331_SpiroWS_DiOC6+MTtracker+DAPI_63X_organ,176.641,14.781,51.157,49.847,18.238,12.332,157.039,0.893,1.479,0.676,0.995
104,210331_SpiroWS_DiOC6+MTtracker+DAPI_63X_organism1.czi - C=0-1.tif:0009-0575-0683:c:1/4 z:9/74 - 210331_SpiroWS_DiOC6+MTtracker+DAPI_63X_organ,93.920,48.096,40.553,35.912,12.852,9.305,136.283,0.915,1.381,0.724,1.000
105,210331_SpiroWS_DiOC6+MTtracker+DAPI_63X_organism1.czi - C=0-1.tif:0009-0703-0656:c:1/4 z:9/74 - 210331_SpiroWS_DiOC6+MTtracker+DAPI_63X_organ,56.159,45.859,49.589,28.307,10.028,7.130,142.912,0.881,1.406,0.711,1.000
106,210331_SpiroWS_DiOC6+MTtracker+DAPI_63X_organism1.czi - C=0-1.tif:0009-0680-0763:c:1/4 z:9/74 - 210331_SpiroWS_DiOC6+MTtracker+DAPI_63X_organ,43.455,53.697,48.015,24.644,8.987,6.156,149.579,0.899,1.460,0.685,1.000
107,210331_SpiroWS_DiOC6+MTtracker+DAPI_63X_organism1.czi - C=0-1.tif:0009-0465-0732:c:1/4 z:9/74 - 210331_SpiroWS_DiOC6+MTtracker+DAPI_63X_organ,89.800,51.909,32.627,35.276,12.924,8.847,145.356,0.907,1.461,0.685,0.998
108,210331_SpiroWS_DiOC6+MTtracker+DAPI_63X_organism1.czi - C=0-1.tif:0009-0493-0928:c:1/4 z:9/74 - 210331_SpiroWS_DiOC6+MTtracker+DAPI_63X_organ,141.819,64.856,34.876,46.159,17.948,10.061,150.676,0.836,1.784,0.561,0.999
109,210331_SpiroWS_DiOC6+MTtracker+DAPI_63X_organism1.czi - C=0-1.tif:0009-0425-1140:c:1/4 z:9/74 - 210331_SpiroWS_DiOC6+MTtracker+DAPI_63X_organ,51.391,80.155,29.972,27.980,10.783,6.068,166.239,0.825,1.777,0.563,1.000
110,210331_SpiroWS_DiOC6+MTtracker+DAPI_63X_organism1.czi - C=0-1.tif:0009-0307-1554:c:1/4 z:9/74 - 210331_SpiroWS_DiOC6+MTtracker+DAPI_63X_organ,59.427,109.581,21.551,28.337,9.721,7.784,160.385,0.930,1.249,0.801,1.000
111,210331_SpiroWS_DiOC6+MTtracker+DAPI_63X_organism1.czi - C=0-1.tif:0009-0397-1006:c:1/4 z:9/74 - 210331_SpiroWS_DiOC6+MTtracker+DAPI_63X_organ,18.866,70.833,28.122,16.723,6.053,3.968,120.364,0.848,1.525,0.656,1.002
112,210331_SpiroWS_DiOC6+MTtracker+DAPI_63X_organism1.czi - C=0-1.tif:0009-0332-0886:c:1/4 z:9/74 - 210331_SpiroWS_DiOC6+MTtracker+DAPI_63X_organ,50.016,62.284,23.676,26.792,10.062,6.329,146.686,0.876,1.590,0.629,1.000
113,210331_SpiroWS_DiOC6+MTtracker+DAPI_63X_organism1.czi - C=0-1.tif:0009-0400-0591:c:1/4 z:9/74 - 210331_SpiroWS_DiOC6+MTtracker+DAPI_63X_organ,45.124,41.654,27.975,25.980,9.208,6.239,141.178,0.840,1.476,0.678,1.000
114,210331_SpiroWS_DiOC6+MTtracker+DAPI_63X_organism1.czi - C=0-1.tif:0009-0398-0324:c:1/4 z:9/74 - 210331_SpiroWS_DiOC6+MTtracker+DAPI_63X_organ,46.624,22.847,27.980,25.412,8.477,7.002,71.960,0.907,1.211,0.826,0.999
115,210331_SpiroWS_DiOC6+MTtracker+DAPI_63X_organism1.czi - C=0-1.tif:0009-0587-0216:c:1/4 z:9/74 - 210331_SpiroWS_DiOC6+MTtracker+DAPI_63X_organ,65.091,15.490,41.534,30.461,11.347,7.304,1.822,0.882,1.554,0.644,0.995
116,210331_SpiroWS_DiOC6+MTtracker+DAPI_63X_organism1.czi - C=0-1.tif:0009-0421-0193:c:1/4 z:9/74 - 210331_SpiroWS_DiOC6+MTtracker+DAPI_63X_organ,54.893,13.560,29.821,27.347,8.981,7.783,137.566,0.922,1.154,0.867,0.999
117,210331_SpiroWS_DiOC6+MTtracker+DAPI_63X_organism1.czi - C=0-1.tif:0009-0504-0129:c:1/4 z:9/74 - 210331_SpiroWS_DiOC6+MTtracker+DAPI_63X_organ,55.591,8.944,35.581,27.038,8.949,7.909,114.560,0.956,1.131,0.884,1.000
118,210331_SpiroWS_DiOC6+MTtracker+DAPI_63X_organism1.czi - C=0-1.tif:0009-0290-0311:c:1/4 z:9/74 - 210331_SpiroWS_DiOC6+MTtracker+DAPI_63X_organ,52.995,21.789,20.536,26.398,8.331,8.099,72.891,0.956,1.029,0.972,0.999
119,210331_SpiroWS_DiOC6+MTtracker+DAPI_63X_organism1.czi - C=0-1.tif:0009-1542-0255:c:1/4 z:9/74 - 210331_SpiroWS_DiOC6+MTtracker+DAPI_63X_organ,172.830,18.084,109.164,50.079,19.628,11.211,91.243,0.866,1.751,0.571,1.000
120,210331_SpiroWS_DiOC6+MTtracker+DAPI_63X_organism1.czi - C=0-1.tif:0009-1812-0103:c:1/4 z:9/74 - 210331_SpiroWS_DiOC6+MTtracker+DAPI_63X_organ,54.858,7.055,127.960,27.597,10.012,6.977,149.973,0.905,1.435,0.697,1.000
121,210331_SpiroWS_DiOC6+MTtracker+DAPI_63X_organism1.czi - C=0-1.tif:0009-1738-0699:c:1/4 z:9/74 - 210331_SpiroWS_DiOC6+MTtracker+DAPI_63X_organ,111.276,49.227,122.666,38.666,13.361,10.604,123.159,0.935,1.260,0.794,1.000
122,210331_SpiroWS_DiOC6+MTtracker+DAPI_63X_organism1.czi - C=0-1.tif:0009-1774-0187:c:1/4 z:9/74 - 210331_SpiroWS_DiOC6+MTtracker+DAPI_63X_organ,32.819,13.172,125.059,21.039,7.197,5.807,131.477,0.932,1.239,0.807,1.000
123,210331_SpiroWS_DiOC6+MTtracker+DAPI_63X_organism1.czi - C=0-1.tif:0009-1758-1453:c:1/4 z:9/74 - 210331_SpiroWS_DiOC6+MTtracker+DAPI_63X_organ,120.418,102.578,124.178,41.221,14.311,10.714,142.018,0.891,1.336,0.749,0.995
124,210331_SpiroWS_DiOC6+MTtracker+DAPI_63X_organism1.czi - C=0-1.tif:0009-1609-1198:c:1/4 z:9/74 - 210331_SpiroWS_DiOC6+MTtracker+DAPI_63X_organ,183.421,84.598,113.487,51.879,18.609,12.550,150.657,0.856,1.483,0.674,0.995
125,210331_SpiroWS_DiOC6+MTtracker+DAPI_63X_organism1.czi - C=0-1.tif:0009-1411-1166:c:1/4 z:9/74 - 210331_SpiroWS_DiOC6+MTtracker+DAPI_63X_organ,121.040,82.187,99.723,41.542,15.965,9.653,175.780,0.881,1.654,0.605,1.000
126,210331_SpiroWS_DiOC6+MTtracker+DAPI_63X_organism1.czi - C=0-1.tif:0009-1241-0959:c:1/4 z:9/74 - 210331_SpiroWS_DiOC6+MTtracker+DAPI_63X_organ,65.514,68.160,87.280,31.082,11.545,7.225,140.473,0.852,1.598,0.626,1.000
127,210331_SpiroWS_DiOC6+MTtracker+DAPI_63X_organism1.czi - C=0-1.tif:0009-1099-0996:c:1/4 z:9/74 - 210331_SpiroWS_DiOC6+MTtracker+DAPI_63X_organ,37.517,70.392,77.544,24.331,9.730,4.910,113.901,0.796,1.982,0.505,0.998
128,210331_SpiroWS_DiOC6+MTtracker+DAPI_63X_organism1.czi - C=0-1.tif:0009-1291-0865:c:1/4 z:9/74 - 210331_SpiroWS_DiOC6+MTtracker+DAPI_63X_organ,58.231,60.862,91.714,29.509,10.988,6.748,96.064,0.840,1.628,0.614,0.999
129,210331_SpiroWS_DiOC6+MTtracker+DAPI_63X_organism1.czi - C=0-1.tif:0009-1099-1717:c:1/4 z:9/74 - 210331_SpiroWS_DiOC6+MTtracker+DAPI_63X_organ,54.579,121.173,77.879,27.635,9.883,7.032,107.124,0.898,1.405,0.711,1.000
130,210331_SpiroWS_DiOC6+MTtracker+DAPI_63X_organism1.czi - C=0-1.tif:0009-1327-1755:c:1/4 z:9/74 - 210331_SpiroWS_DiOC6+MTtracker+DAPI_63X_organ,104.964,123.815,93.642,37.285,11.929,11.203,67.582,0.949,1.065,0.939,1.000
131,210331_SpiroWS_DiOC6+MTtracker+DAPI_63X_organism1.czi - C=0-1.tif:0009-1140-0127:c:1/4 z:9/74 - 210331_SpiroWS_DiOC6+MTtracker+DAPI_63X_organ,71.826,9.141,80.650,30.888,10.299,8.880,61.570,0.946,1.160,0.862,1.000
132,210331_SpiroWS_DiOC6+MTtracker+DAPI_63X_organism1.czi - C=0-1.tif:0009-1030-0234:c:1/4 z:9/74 - 210331_SpiroWS_DiOC6+MTtracker+DAPI_63X_organ,69.749,16.435,72.515,30.958,11.309,7.852,40.929,0.915,1.440,0.694,1.001
133,210331_SpiroWS_DiOC6+MTtracker+DAPI_63X_organism1.czi - C=0-1.tif:0009-0886-0206:c:1/4 z:9/74 - 210331_SpiroWS_DiOC6+MTtracker+DAPI_63X_organ,102.284,14.487,62.871,39.764,13.990,9.309,150.837,0.813,1.503,0.665,0.997
134,210331_SpiroWS_DiOC6+MTtracker+DAPI_63X_organism1.czi - C=0-1.tif:0009-0290-0311:c:1/4 z:9/74 - 210331_SpiroWS_DiOC6+MTtracker+DAPI_63X_organ,45.926,21.662,20.497,24.984,8.341,7.010,179.518,0.925,1.190,0.840,1.000
135,210331_SpiroWS_DiOC6+MTtracker+DAPI_63X_organism1.czi - C=0-1.tif:0009-0308-0687:c:1/4 z:9/74 - 210331_SpiroWS_DiOC6+MTtracker+DAPI_63X_organ,49.279,48.598,21.620,26.393,9.755,6.432,151.336,0.889,1.517,0.659,1.001
136,210331_SpiroWS_DiOC6+MTtracker+DAPI_63X_organism1.czi - C=0-1.tif:0009-0313-0596:c:1/4 z:9/74 - 210331_SpiroWS_DiOC6+MTtracker+DAPI_63X_organ,27.449,41.996,22.061,19.778,6.869,5.088,143.483,0.882,1.350,0.741,1.000
137,210331_SpiroWS_DiOC6+MTtracker+DAPI_63X_organism1.czi - C=0-1.tif:0009-0222-0457:c:1/4 z:9/74 - 210331_SpiroWS_DiOC6+MTtracker+DAPI_63X_organ,29.556,32.245,15.498,19.857,6.269,6.003,65.011,0.942,1.044,0.958,1.000
138,210331_SpiroWS_DiOC6+MTtracker+DAPI_63X_organism1.czi - C=0-1.tif:0009-0209-0596:c:1/4 z:9/74 - 210331_SpiroWS_DiOC6+MTtracker+DAPI_63X_organ,22.462,42.163,14.933,17.945,5.847,4.891,32.653,0.877,1.195,0.837,1.000
139,210331_SpiroWS_DiOC6+MTtracker+DAPI_63X_organism1.czi - C=0-1.tif:0009-0126-0724:c:1/4 z:9/74 - 210331_SpiroWS_DiOC6+MTtracker+DAPI_63X_organ,84.101,51.082,8.695,35.592,14.172,7.556,60.260,0.834,1.876,0.533,1.000
140,210331_SpiroWS_DiOC6+MTtracker+DAPI_63X_organism1.czi - C=0-1.tif:0009-0103-0433:c:1/4 z:9/74 - 210331_SpiroWS_DiOC6+MTtracker+DAPI_63X_organ,18.552,30.559,7.393,16.505,6.167,3.830,70.884,0.856,1.610,0.621,0.999
141,210331_SpiroWS_DiOC6+MTtracker+DAPI_63X_organism1.czi - C=0-1.tif:0009-0199-0352:c:1/4 z:9/74 - 210331_SpiroWS_DiOC6+MTtracker+DAPI_63X_organ,38.892,24.708,14.183,22.749,7.239,6.840,127.169,0.944,1.058,0.945,1.003
142,210331_SpiroWS_DiOC6+MTtracker+DAPI_63X_organism1.czi - C=0-1.tif:0009-0144-0512:c:1/4 z:9/74 - 210331_SpiroWS_DiOC6+MTtracker+DAPI_63X_organ,30.747,36.122,10.370,20.355,6.783,5.771,98.065,0.933,1.175,0.851,0.999
143,210331_SpiroWS_DiOC6+MTtracker+DAPI_63X_organism1.czi - C=0-1.tif:0009-1747-1061:c:1/4 z:9/74 - 210331_SpiroWS_DiOC6+MTtracker+DAPI_63X_organ,31.992,74.782,123.377,21.547,8.169,4.986,95.488,0.866,1.638,0.610,0.999
144,210331_SpiroWS_DiOC6+MTtracker+DAPI_63X_organism1.czi - C=0-1.tif:0009-1753-1218:c:1/4 z:9/74 - 210331_SpiroWS_DiOC6+MTtracker+DAPI_63X_organ,30.169,85.876,123.783,20.909,7.176,5.353,131.210,0.867,1.340,0.746,0.983
145,210331_SpiroWS_DiOC6+MTtracker+DAPI_63X_organism1.czi - C=0-1.tif:0009-1589-1379:c:1/4 z:9/74 - 210331_SpiroWS_DiOC6+MTtracker+DAPI_63X_organ,53.344,96.843,112.781,28.856,10.986,6.182,121.142,0.805,1.777,0.563,0.999
146,210331_SpiroWS_DiOC6+MTtracker+DAPI_63X_organism1.czi - C=0-1.tif:0009-0725-1662:c:1/4 z:9/74 - 210331_SpiroWS_DiOC6+MTtracker+DAPI_63X_organ,19.947,117.320,51.116,16.766,5.833,4.354,176.108,0.892,1.339,0.747,1.000
147,210331_SpiroWS_DiOC6+MTtracker+DAPI_63X_organism1.czi - C=0-1.tif:0009-0772-1787:c:1/4 z:9/74 - 210331_SpiroWS_DiOC6+MTtracker+DAPI_63X_organ,39.201,126.377,54.502,24.006,9.100,5.485,175.391,0.855,1.659,0.603,1.000
148,210331_SpiroWS_DiOC6+MTtracker+DAPI_63X_organism1.czi - C=0-1.tif:0038-0511-0614:c:1/4 z:38/74 - 210331_SpiroWS_DiOC6+MTtracker+DAPI_63X_orga,211.742,43.095,36.219,53.967,19.666,13.709,157.282,0.914,1.435,0.697,1.000
149,210331_SpiroWS_DiOC6+MTtracker+DAPI_63X_organism1.czi - C=0-1.tif:0038-0683-0719:c:1/4 z:38/74 - 210331_SpiroWS_DiOC6+MTtracker+DAPI_63X_orga,121.922,50.641,48.174,41.559,15.563,9.975,172.476,0.887,1.560,0.641,1.000
150,210331_SpiroWS_DiOC6+MTtracker+DAPI_63X_organism1.czi - C=0-1.tif:0038-0747-0606:c:1/4 z:38/74 - 210331_SpiroWS_DiOC6+MTtracker+DAPI_63X_orga,25.008,42.602,52.697,18.965,6.947,4.584,141.762,0.874,1.516,0.660,1.000
151,210331_SpiroWS_DiOC6+MTtracker+DAPI_63X_organism1.czi - C=0-1.tif:0038-0614-0503:c:1/4 z:38/74 - 210331_SpiroWS_DiOC6+MTtracker+DAPI_63X_orga,50.141,35.245,43.538,26.174,9.115,7.004,151.626,0.920,1.301,0.768,1.000
152,210331_SpiroWS_DiOC6+MTtracker+DAPI_63X_organism1.czi - C=0-1.tif:0038-0750-0441:c:1/4 z:38/74 - 210331_SpiroWS_DiOC6+MTtracker+DAPI_63X_orga,76.838,31.302,52.809,32.128,11.030,8.869,148.506,0.935,1.244,0.804,1.000
153,210331_SpiroWS_DiOC6+MTtracker+DAPI_63X_organism1.czi - C=0-1.tif:0038-0850-0576:c:1/4 z:38/74 - 210331_SpiroWS_DiOC6+MTtracker+DAPI_63X_orga,61.046,40.587,60.137,28.734,10.260,7.576,145.449,0.929,1.354,0.738,1.000
154,210331_SpiroWS_DiOC6+MTtracker+DAPI_63X_organism1.czi - C=0-1.tif:0038-0967-0685:c:1/4 z:38/74 - 210331_SpiroWS_DiOC6+MTtracker+DAPI_63X_orga,31.649,48.038,68.289,23.768,9.541,4.223,169.832,0.704,2.259,0.443,1.001
155,210331_SpiroWS_DiOC6+MTtracker+DAPI_63X_organism1.czi - C=0-1.tif:0038-1085-0717:c:1/4 z:38/74 - 210331_SpiroWS_DiOC6+MTtracker+DAPI_63X_orga,91.748,50.400,76.531,35.947,13.122,8.902,18.131,0.892,1.474,0.678,1.000
156,210331_SpiroWS_DiOC6+MTtracker+DAPI_63X_organism1.czi - C=0-1.tif:0038-1270-0788:c:1/4 z:38/74 - 210331_SpiroWS_DiOC6+MTtracker+DAPI_63X_orga,199.512,55.818,89.362,51.798,18.281,13.896,134.813,0.934,1.316,0.760,0.998
157,210331_SpiroWS_DiOC6+MTtracker+DAPI_63X_organism1.czi - C=0-1.tif:0038-1186-0616:c:1/4 z:38/74 - 210331_SpiroWS_DiOC6+MTtracker+DAPI_63X_orga,36.361,43.405,84.088,23.166,8.679,5.334,122.396,0.851,1.627,0.615,1.000
158,210331_SpiroWS_DiOC6+MTtracker+DAPI_63X_organism1.czi - C=0-1.tif:0038-0803-0854:c:1/4 z:38/74 - 210331_SpiroWS_DiOC6+MTtracker+DAPI_63X_orga,50.564,60.374,57.003,26.304,8.997,7.156,136.760,0.918,1.257,0.795,1.001
159,210331_SpiroWS_DiOC6+MTtracker+DAPI_63X_organism1.czi - C=0-1.tif:0038-0894-0721:c:1/4 z:38/74 - 210331_SpiroWS_DiOC6+MTtracker+DAPI_63X_orga,40.162,51.046,63.303,24.999,9.782,5.227,158.143,0.808,1.871,0.534,0.993
160,210331_SpiroWS_DiOC6+MTtracker+DAPI_63X_organism1.czi - C=0-1.tif:0038-0906-0845:c:1/4 z:38/74 - 210331_SpiroWS_DiOC6+MTtracker+DAPI_63X_orga,32.027,59.679,63.999,22.159,8.500,4.798,156.096,0.820,1.772,0.564,0.996
161,210331_SpiroWS_DiOC6+MTtracker+DAPI_63X_organism1.czi - C=0-1.tif:0038-0886-0974:c:1/4 z:38/74 - 210331_SpiroWS_DiOC6+MTtracker+DAPI_63X_orga,46.220,68.318,62.862,25.968,9.674,6.083,147.029,0.861,1.590,0.629,1.000
162,210331_SpiroWS_DiOC6+MTtracker+DAPI_63X_organism1.czi - C=0-1.tif:0038-0752-0957:c:1/4 z:38/74 - 210331_SpiroWS_DiOC6+MTtracker+DAPI_63X_orga,87.857,67.599,53.053,35.015,12.356,9.053,143.771,0.900,1.365,0.733,0.999
163,210331_SpiroWS_DiOC6+MTtracker+DAPI_63X_organism1.czi - C=0-1.tif:0038-0760-1113:c:1/4 z:38/74 - 210331_SpiroWS_DiOC6+MTtracker+DAPI_63X_orga,104.088,78.246,53.567,37.562,12.938,10.243,117.748,0.927,1.263,0.792,1.000
164,210331_SpiroWS_DiOC6+MTtracker+DAPI_63X_organism1.czi - C=0-1.tif:0038-0751-1265:c:1/4 z:38/74 - 210331_SpiroWS_DiOC6+MTtracker+DAPI_63X_orga,63.786,88.875,53.001,29.240,9.926,8.182,1.207,0.938,1.213,0.824,1.000
165,210331_SpiroWS_DiOC6+MTtracker+DAPI_63X_organism1.czi - C=0-1.tif:0038-0712-1355:c:1/4 z:38/74 - 210331_SpiroWS_DiOC6+MTtracker+DAPI_63X_orga,32.481,95.780,50.221,21.915,8.526,4.850,157.710,0.850,1.758,0.569,1.000
166,210331_SpiroWS_DiOC6+MTtracker+DAPI_63X_organism1.czi - C=0-1.tif:0038-0772-1491:c:1/4 z:38/74 - 210331_SpiroWS_DiOC6+MTtracker+DAPI_63X_orga,49.473,105.409,54.488,27.605,10.546,5.973,144.837,0.816,1.766,0.566,1.000
167,210331_SpiroWS_DiOC6+MTtracker+DAPI_63X_organism1.czi - C=0-1.tif:0038-0915-1633:c:1/4 z:38/74 - 210331_SpiroWS_DiOC6+MTtracker+DAPI_63X_orga,57.668,115.057,64.575,27.763,9.145,8.029,121.488,0.940,1.139,0.878,1.001
168,210331_SpiroWS_DiOC6+MTtracker+DAPI_63X_organism1.czi - C=0-1.tif:0038-0830-1682:c:1/4 z:38/74 - 210331_SpiroWS_DiOC6+MTtracker+DAPI_63X_orga,35.878,118.768,58.537,22.699,8.256,5.533,142.569,0.875,1.492,0.670,0.996
169,210331_SpiroWS_DiOC6+MTtracker+DAPI_63X_organism1.czi - C=0-1.tif:0038-0593-1446:c:1/4 z:38/74 - 210331_SpiroWS_DiOC6+MTtracker+DAPI_63X_orga,65.081,102.046,42.051,29.876,10.896,7.605,127.235,0.916,1.433,0.698,1.000
170,210331_SpiroWS_DiOC6+MTtracker+DAPI_63X_organism1.czi - C=0-1.tif:0038-0629-1327:c:1/4 z:38/74 - 210331_SpiroWS_DiOC6+MTtracker+DAPI_63X_orga,37.951,93.558,44.364,23.033,8.543,5.656,162.533,0.899,1.510,0.662,1.001
171,210331_SpiroWS_DiOC6+MTtracker+DAPI_63X_organism1.czi - C=0-1.tif:0038-0504-1266:c:1/4 z:38/74 - 210331_SpiroWS_DiOC6+MTtracker+DAPI_63X_orga,57.319,89.398,35.443,28.946,11.151,6.545,159.882,0.860,1.704,0.587,1.000
172,210331_SpiroWS_DiOC6+MTtracker+DAPI_63X_organism1.czi - C=0-1.tif:0038-0438-1073:c:1/4 z:38/74 - 210331_SpiroWS_DiOC6+MTtracker+DAPI_63X_orga,78.218,75.742,30.684,33.105,12.346,8.066,151.680,0.897,1.531,0.653,1.000
173,210331_SpiroWS_DiOC6+MTtracker+DAPI_63X_organism1.czi - C=0-1.tif:0038-0546-0947:c:1/4 z:38/74 - 210331_SpiroWS_DiOC6+MTtracker+DAPI_63X_orga,45.657,66.650,38.732,25.176,9.111,6.380,149.528,0.905,1.428,0.700,1.000
174,210331_SpiroWS_DiOC6+MTtracker+DAPI_63X_organism1.czi - C=0-1.tif:0038-0392-1461:c:1/4 z:38/74 - 210331_SpiroWS_DiOC6+MTtracker+DAPI_63X_orga,49.548,103.093,27.605,25.929,9.362,6.738,142.272,0.926,1.389,0.720,1.000
175,210331_SpiroWS_DiOC6+MTtracker+DAPI_63X_organism1.czi - C=0-1.tif:0038-0838-1419:c:1/4 z:38/74 - 210331_SpiroWS_DiOC6+MTtracker+DAPI_63X_orga,125.155,99.945,59.522,42.378,15.691,10.155,153.902,0.876,1.545,0.647,0.993
176,210331_SpiroWS_DiOC6+MTtracker+DAPI_63X_organism1.czi - C=0-1.tif:0038-1021-1466:c:1/4 z:38/74 - 210331_SpiroWS_DiOC6+MTtracker+DAPI_63X_orga,115.486,104.454,71.037,42.197,15.259,9.636,128.346,0.815,1.583,0.632,0.997
177,210331_SpiroWS_DiOC6+MTtracker+DAPI_63X_organism1.czi - C=0-1.tif:0038-1057-1591:c:1/4 z:38/74 - 210331_SpiroWS_DiOC6+MTtracker+DAPI_63X_orga,35.415,112.419,74.639,22.549,8.510,5.299,98.800,0.875,1.606,0.623,1.002
178,210331_SpiroWS_DiOC6+MTtracker+DAPI_63X_organism1.czi - C=0-1.tif:0038-1382-1515:c:1/4 z:38/74 - 210331_SpiroWS_DiOC6+MTtracker+DAPI_63X_orga,190.774,107.061,97.603,51.802,18.968,12.806,132.372,0.893,1.481,0.675,1.000
179,210331_SpiroWS_DiOC6+MTtracker+DAPI_63X_organism1.czi - C=0-1.tif:0038-1163-1303:c:1/4 z:38/74 - 210331_SpiroWS_DiOC6+MTtracker+DAPI_63X_orga,125.539,92.090,82.105,44.882,18.383,8.695,134.114,0.783,2.114,0.473,1.000
180,210331_SpiroWS_DiOC6+MTtracker+DAPI_63X_organism1.czi - C=0-1.tif:0038-1092-1400:c:1/4 z:38/74 - 210331_SpiroWS_DiOC6+MTtracker+DAPI_63X_orga,108.870,99.238,77.170,44.159,18.728,7.401,128.648,0.702,2.530,0.395,0.978
181,210331_SpiroWS_DiOC6+MTtracker+DAPI_63X_organism1.czi - C=0-1.tif:0038-1231-1545:c:1/4 z:38/74 - 210331_SpiroWS_DiOC6+MTtracker+DAPI_63X_orga,46.539,109.039,87.083,26.521,10.233,5.791,134.164,0.831,1.767,0.566,1.000
182,210331_SpiroWS_DiOC6+MTtracker+DAPI_63X_organism1.czi - C=0-1.tif:0038-1175-1593:c:1/4 z:38/74 - 210331_SpiroWS_DiOC6+MTtracker+DAPI_63X_orga,31.345,112.537,82.840,21.632,8.269,4.826,128.130,0.842,1.713,0.584,0.997
183,210331_SpiroWS_DiOC6+MTtracker+DAPI_63X_organism1.czi - C=0-1.tif:0038-1109-1721:c:1/4 z:38/74 - 210331_SpiroWS_DiOC6+MTtracker+DAPI_63X_orga,47.904,121.382,78.203,26.750,10.216,5.971,172.630,0.841,1.711,0.584,1.000
184,210331_SpiroWS_DiOC6+MTtracker+DAPI_63X_organism1.czi - C=0-1.tif:0038-1018-1728:c:1/4 z:38/74 - 210331_SpiroWS_DiOC6+MTtracker+DAPI_63X_orga,68.708,122.138,71.862,31.332,11.655,7.506,178.330,0.879,1.553,0.644,1.000
185,210331_SpiroWS_DiOC6+MTtracker+DAPI_63X_organism1.czi - C=0-1.tif:0038-0945-1212:c:1/4 z:38/74 - 210331_SpiroWS_DiOC6+MTtracker+DAPI_63X_orga,39.709,85.139,66.891,23.736,8.457,5.978,148.521,0.886,1.415,0.707,1.002
186,210331_SpiroWS_DiOC6+MTtracker+DAPI_63X_organism1.czi - C=0-1.tif:0038-1036-1102:c:1/4 z:38/74 - 210331_SpiroWS_DiOC6+MTtracker+DAPI_63X_orga,110.718,77.695,73.267,38.015,12.528,11.252,174.446,0.963,1.113,0.898,0.999
187,210331_SpiroWS_DiOC6+MTtracker+DAPI_63X_organism1.czi - C=0-1.tif:0038-1337-1208:c:1/4 z:38/74 - 210331_SpiroWS_DiOC6+MTtracker+DAPI_63X_orga,240.337,85.909,94.070,58.495,21.980,13.922,131.982,0.883,1.579,0.633,1.000
188,210331_SpiroWS_DiOC6+MTtracker+DAPI_63X_organism1.czi - C=0-1.tif:0038-1321-1355:c:1/4 z:38/74 - 210331_SpiroWS_DiOC6+MTtracker+DAPI_63X_orga,35.923,95.939,92.925,23.854,9.009,5.077,125.929,0.793,1.774,0.564,1.000
189,210331_SpiroWS_DiOC6+MTtracker+DAPI_63X_organism1.czi - C=0-1.tif:0038-1301-1008:c:1/4 z:38/74 - 210331_SpiroWS_DiOC6+MTtracker+DAPI_63X_orga,63.676,71.183,91.902,29.096,9.410,8.616,148.955,0.945,1.092,0.916,1.000
190,210331_SpiroWS_DiOC6+MTtracker+DAPI_63X_organism1.czi - C=0-1.tif:0038-1475-1430:c:1/4 z:38/74 - 210331_SpiroWS_DiOC6+MTtracker+DAPI_63X_orga,46.943,100.382,104.599,28.079,10.944,5.461,136.706,0.748,2.004,0.499,1.000
191,210331_SpiroWS_DiOC6+MTtracker+DAPI_63X_organism1.czi - C=0-1.tif:0038-1131-0414:c:1/4 z:38/74 - 210331_SpiroWS_DiOC6+MTtracker+DAPI_63X_orga,371.620,29.441,79.776,71.320,25.899,18.270,131.085,0.918,1.418,0.705,1.000
192,210331_SpiroWS_DiOC6+MTtracker+DAPI_63X_organism1.czi - C=0-1.tif:0038-1394-0588:c:1/4 z:38/74 - 210331_SpiroWS_DiOC6+MTtracker+DAPI_63X_orga,203.213,41.098,98.806,54.226,20.128,12.855,166.329,0.868,1.566,0.639,1.000
193,210331_SpiroWS_DiOC6+MTtracker+DAPI_63X_organism1.czi - C=0-1.tif:0038-1594-1508:c:1/4 z:38/74 - 210331_SpiroWS_DiOC6+MTtracker+DAPI_63X_orga,57.230,106.450,112.339,27.773,9.751,7.473,145.593,0.932,1.305,0.766,1.000
194,210331_SpiroWS_DiOC6+MTtracker+DAPI_63X_organism1.czi - C=0-1.tif:0038-1541-1325:c:1/4 z:38/74 - 210331_SpiroWS_DiOC6+MTtracker+DAPI_63X_orga,65.773,93.867,108.768,30.765,11.289,7.418,160.512,0.873,1.522,0.657,1.000
195,210331_SpiroWS_DiOC6+MTtracker+DAPI_63X_organism1.czi - C=0-1.tif:0038-1643-1443:c:1/4 z:38/74 - 210331_SpiroWS_DiOC6+MTtracker+DAPI_63X_orga,39.659,101.774,116.416,24.646,9.334,5.410,143.600,0.820,1.725,0.580,1.000
196,210331_SpiroWS_DiOC6+MTtracker+DAPI_63X_organism1.czi - C=0-1.tif:0038-1733-1400:c:1/4 z:38/74 - 210331_SpiroWS_DiOC6+MTtracker+DAPI_63X_orga,47.525,98.601,122.407,25.696,9.225,6.560,128.340,0.905,1.406,0.711,1.000
197,210331_SpiroWS_DiOC6+MTtracker+DAPI_63X_organism1.czi - C=0-1.tif:0038-1609-1301:c:1/4 z:38/74 - 210331_SpiroWS_DiOC6+MTtracker+DAPI_63X_orga,19.160,91.823,113.497,17.076,6.595,3.699,143.717,0.826,1.783,0.561,1.002
198,210331_SpiroWS_DiOC6+MTtracker+DAPI_63X_organism1.czi - C=0-1.tif:0038-1549-1172:c:1/4 z:38/74 - 210331_SpiroWS_DiOC6+MTtracker+DAPI_63X_orga,62.789,82.511,109.669,29.178,9.485,8.428,162.824,0.927,1.125,0.889,1.000
199,210331_SpiroWS_DiOC6+MTtracker+DAPI_63X_organism1.czi - C=0-1.tif:0038-1737-1232:c:1/4 z:38/74 - 210331_SpiroWS_DiOC6+MTtracker+DAPI_63X_orga,205.859,87.066,121.911,54.437,20.209,12.970,139.917,0.873,1.558,0.642,1.000
200,210331_SpiroWS_DiOC6+MTtracker+DAPI_63X_organism1.czi - C=0-1.tif:0038-1698-1052:c:1/4 z:38/74 - 210331_SpiroWS_DiOC6+MTtracker+DAPI_63X_orga,52.233,74.307,119.641,27.696,10.593,6.279,100.650,0.856,1.687,0.593,1.000
201,210331_SpiroWS_DiOC6+MTtracker+DAPI_63X_organism1.czi - C=0-1.tif:0038-1736-0952:c:1/4 z:38/74 - 210331_SpiroWS_DiOC6+MTtracker+DAPI_63X_orga,84.808,67.224,122.848,34.888,12.447,8.676,91.406,0.876,1.435,0.697,1.000
202,210331_SpiroWS_DiOC6+MTtracker+DAPI_63X_organism1.czi - C=0-1.tif:0038-1634-0672:c:1/4 z:38/74 - 210331_SpiroWS_DiOC6+MTtracker+DAPI_63X_orga,227.878,47.673,115.071,55.151,19.160,15.143,120.669,0.941,1.265,0.790,1.000
203,210331_SpiroWS_DiOC6+MTtracker+DAPI_63X_organism1.czi - C=0-1.tif:0038-0912-0173:c:1/4 z:38/74 - 210331_SpiroWS_DiOC6+MTtracker+DAPI_63X_orga,83.533,12.617,64.308,33.775,12.126,8.771,128.680,0.920,1.382,0.723,1.000
204,210331_SpiroWS_DiOC6+MTtracker+DAPI_63X_organism1.czi - C=0-1.tif:0038-1034-0561:c:1/4 z:38/74 - 210331_SpiroWS_DiOC6+MTtracker+DAPI_63X_orga,55.337,39.638,72.961,27.815,10.144,6.946,137.157,0.899,1.460,0.685,1.000
205,210331_SpiroWS_DiOC6+MTtracker+DAPI_63X_organism1.czi - C=0-1.tif:0038-0739-0175:c:1/4 z:38/74 - 210331_SpiroWS_DiOC6+MTtracker+DAPI_63X_orga,50.614,12.383,52.137,26.301,9.278,6.946,129.880,0.919,1.336,0.749,1.001
206,210331_SpiroWS_DiOC6+MTtracker+DAPI_63X_organism1.czi - C=0-1.tif:0038-0919-0421:c:1/4 z:38/74 - 210331_SpiroWS_DiOC6+MTtracker+DAPI_63X_orga,53.962,29.625,65.053,27.290,9.825,6.993,139.311,0.911,1.405,0.712,0.999
207,210331_SpiroWS_DiOC6+MTtracker+DAPI_63X_organism1.czi - C=0-1.tif:0038-0861-0293:c:1/4 z:38/74 - 210331_SpiroWS_DiOC6+MTtracker+DAPI_63X_orga,50.564,20.656,60.717,26.560,9.722,6.622,110.612,0.901,1.468,0.681,1.000
208,210331_SpiroWS_DiOC6+MTtracker+DAPI_63X_organism1.czi - C=0-1.tif:0038-0769-0328:c:1/4 z:38/74 - 210331_SpiroWS_DiOC6+MTtracker+DAPI_63X_orga,45.797,23.179,54.178,26.754,10.686,5.456,131.784,0.804,1.958,0.511,1.000
209,210331_SpiroWS_DiOC6+MTtracker+DAPI_63X_organism1.czi - C=0-1.tif:0038-0612-0286:c:1/4 z:38/74 - 210331_SpiroWS_DiOC6+MTtracker+DAPI_63X_orga,62.007,20.065,43.226,28.930,10.033,7.869,111.329,0.931,1.275,0.784,0.999
210,210331_SpiroWS_DiOC6+MTtracker+DAPI_63X_organism1.czi - C=0-1.tif:0038-0559-0386:c:1/4 z:38/74 - 210331_SpiroWS_DiOC6+MTtracker+DAPI_63X_orga,27.150,27.231,39.603,19.487,7.082,4.882,164.969,0.898,1.451,0.689,0.998
211,210331_SpiroWS_DiOC6+MTtracker+DAPI_63X_organism1.czi - C=0-1.tif:0038-0435-0373:c:1/4 z:38/74 - 210331_SpiroWS_DiOC6+MTtracker+DAPI_63X_orga,137.335,26.249,30.611,42.607,14.162,12.347,149.431,0.951,1.147,0.872,0.999
212,210331_SpiroWS_DiOC6+MTtracker+DAPI_63X_organism1.czi - C=0-1.tif:0038-1128-0948:c:1/4 z:38/74 - 210331_SpiroWS_DiOC6+MTtracker+DAPI_63X_orga,122.246,66.675,79.873,40.602,14.544,10.702,115.663,0.932,1.359,0.736,1.000
213,210331_SpiroWS_DiOC6+MTtracker+DAPI_63X_organism1.czi - C=0-1.tif:0038-1722-0330:c:1/4 z:38/74 - 210331_SpiroWS_DiOC6+MTtracker+DAPI_63X_orga,50.375,22.954,121.689,26.996,10.071,6.368,116.702,0.869,1.581,0.632,1.000
214,210331_SpiroWS_DiOC6+MTtracker+DAPI_63X_organism1.czi - C=0-1.tif:0038-1454-0203:c:1/4 z:38/74 - 210331_SpiroWS_DiOC6+MTtracker+DAPI_63X_orga,42.877,14.229,103.117,24.819,8.665,6.300,120.602,0.875,1.375,0.727,1.000
215,210331_SpiroWS_DiOC6+MTtracker+DAPI_63X_organism1.czi - C=0-1.tif:0038-1338-0089:c:1/4 z:38/74 - 210331_SpiroWS_DiOC6+MTtracker+DAPI_63X_orga,70.755,6.178,94.460,31.460,11.496,7.836,174.750,0.898,1.467,0.682,0.989
216,210331_SpiroWS_DiOC6+MTtracker+DAPI_63X_organism1.czi - C=0-1.tif:0038-1561-0117:c:1/4 z:38/74 - 210331_SpiroWS_DiOC6+MTtracker+DAPI_63X_orga,49.453,8.436,110.383,26.313,9.575,6.576,171.741,0.898,1.456,0.687,1.001
217,210331_SpiroWS_DiOC6+MTtracker+DAPI_63X_organism1.czi - C=0-1.tif:0038-1650-0106:c:1/4 z:38/74 - 210331_SpiroWS_DiOC6+MTtracker+DAPI_63X_orga,38.763,7.716,116.294,23.030,8.108,6.087,153.998,0.918,1.332,0.751,1.000
218,210331_SpiroWS_DiOC6+MTtracker+DAPI_63X_organism1.czi - C=0-1.tif:0038-1143-0195:c:1/4 z:38/74 - 210331_SpiroWS_DiOC6+MTtracker+DAPI_63X_orga,147.030,13.666,80.962,45.014,15.563,12.029,128.041,0.912,1.294,0.773,0.992
219,210331_SpiroWS_DiOC6+MTtracker+DAPI_63X_organism1.czi - C=0-1.tif:0038-1306-0238:c:1/4 z:38/74 - 210331_SpiroWS_DiOC6+MTtracker+DAPI_63X_orga,47.904,16.946,91.960,25.207,8.159,7.476,128.832,0.947,1.091,0.916,1.001
220,210331_SpiroWS_DiOC6+MTtracker+DAPI_63X_organism1.czi - C=0-1.tif:0038-0165-1781:c:1/4 z:38/74 - 210331_SpiroWS_DiOC6+MTtracker+DAPI_63X_orga,59.317,125.640,11.757,29.093,10.898,6.930,142.885,0.881,1.573,0.636,1.000
221,210331_SpiroWS_DiOC6+MTtracker+DAPI_63X_organism1.czi - C=0-1.tif:0038-0185-1215:c:1/4 z:38/74 - 210331_SpiroWS_DiOC6+MTtracker+DAPI_63X_orga,49.558,85.738,13.186,26.286,9.687,6.514,129.014,0.901,1.487,0.672,0.999
222,210331_SpiroWS_DiOC6+MTtracker+DAPI_63X_organism1.czi - C=0-1.tif:0038-0330-1856:c:1/4 z:38/74 - 210331_SpiroWS_DiOC6+MTtracker+DAPI_63X_orga,34.040,130.975,23.336,21.665,7.671,5.650,108.306,0.911,1.358,0.737,1.000
223,210331_SpiroWS_DiOC6+MTtracker+DAPI_63X_organism1.czi - C=0-1.tif:0038-0728-1644:c:1/4 z:38/74 - 210331_SpiroWS_DiOC6+MTtracker+DAPI_63X_orga,16.305,115.988,51.646,15.276,5.534,3.751,112.112,0.878,1.475,0.678,1.001
224,210331_SpiroWS_DiOC6+MTtracker+DAPI_63X_organism1.czi - C=0-1.tif:0038-0751-1720:c:1/4 z:38/74 - 210331_SpiroWS_DiOC6+MTtracker+DAPI_63X_orga,12.908,121.289,52.798,13.407,4.415,3.723,179.154,0.902,1.186,0.843,1.003
225,210331_SpiroWS_DiOC6+MTtracker+DAPI_63X_organism1.czi - C=0-1.tif:0038-1242-1524:c:1/4 z:38/74 - 210331_SpiroWS_DiOC6+MTtracker+DAPI_63X_orga,55.920,107.775,87.579,29.643,11.866,6.000,161.680,0.800,1.978,0.506,1.000
226,210331_SpiroWS_DiOC6+MTtracker+DAPI_63X_organism1.czi - C=0-1.tif:0038-0367-0496:c:1/4 z:38/74 - 210331_SpiroWS_DiOC6+MTtracker+DAPI_63X_orga,47.411,35.090,25.734,25.282,8.333,7.244,2.667,0.932,1.150,0.869,1.000
227,210331_SpiroWS_DiOC6+MTtracker+DAPI_63X_organism1.czi - C=0-1.tif:0038-0251-0423:c:1/4 z:38/74 - 210331_SpiroWS_DiOC6+MTtracker+DAPI_63X_orga,47.854,29.824,17.684,25.358,8.619,7.069,66.536,0.935,1.219,0.820,0.999
228,210331_SpiroWS_DiOC6+MTtracker+DAPI_63X_organism1.czi - C=0-1.tif:0038-0207-0333:c:1/4 z:38/74 - 210331_SpiroWS_DiOC6+MTtracker+DAPI_63X_orga,48.816,23.608,14.434,25.760,8.749,7.105,21.371,0.924,1.231,0.812,1.000
229,210331_SpiroWS_DiOC6+MTtracker+DAPI_63X_organism1.czi - C=0-1.tif:0038-0270-0516:c:1/4 z:38/74 - 210331_SpiroWS_DiOC6+MTtracker+DAPI_63X_orga,32.017,36.467,19.133,20.746,6.856,5.946,133.946,0.935,1.153,0.867,0.999
230,210331_SpiroWS_DiOC6+MTtracker+DAPI_63X_organism1.czi - C=0-1.tif:0038-0319-0642:c:1/4 z:38/74 - 210331_SpiroWS_DiOC6+MTtracker+DAPI_63X_orga,49.817,45.041,22.259,26.388,9.169,6.918,167.190,0.899,1.325,0.754,1.000
231,210331_SpiroWS_DiOC6+MTtracker+DAPI_63X_organism1.czi - C=0-1.tif:0038-0180-0633:c:1/4 z:38/74 - 210331_SpiroWS_DiOC6+MTtracker+DAPI_63X_orga,121.598,44.915,12.851,40.586,13.857,11.173,82.028,0.928,1.240,0.806,1.000
232,210331_SpiroWS_DiOC6+MTtracker+DAPI_63X_organism1.czi - C=0-1.tif:0038-0421-0734:c:1/4 z:38/74 - 210331_SpiroWS_DiOC6+MTtracker+DAPI_63X_orga,18.771,51.649,29.796,16.105,5.647,4.233,164.152,0.909,1.334,0.750,1.000
233,210331_SpiroWS_DiOC6+MTtracker+DAPI_63X_organism1.czi - C=0-1.tif:0038-0362-0782:c:1/4 z:38/74 - 210331_SpiroWS_DiOC6+MTtracker+DAPI_63X_orga,48.303,55.166,25.677,26.329,9.979,6.163,141.455,0.876,1.619,0.618,0.999
234,210331_SpiroWS_DiOC6+MTtracker+DAPI_63X_organism1.czi - C=0-1.tif:0038-0379-0891:c:1/4 z:38/74 - 210331_SpiroWS_DiOC6+MTtracker+DAPI_63X_orga,27.893,62.792,26.798,19.573,6.733,5.274,137.129,0.915,1.277,0.783,0.999
235,210331_SpiroWS_DiOC6+MTtracker+DAPI_63X_organism1.czi - C=0-1.tif:0038-0680-1712:c:1/4 z:38/74 - 210331_SpiroWS_DiOC6+MTtracker+DAPI_63X_orga,19.204,121.136,48.026,16.969,6.374,3.836,8.579,0.838,1.661,0.602,0.998
236,210331_SpiroWS_DiOC6+MTtracker+DAPI_63X_organism1.czi - C=0-1.tif:0038-0260-0884:c:1/4 z:38/74 - 210331_SpiroWS_DiOC6+MTtracker+DAPI_63X_orga,87.792,62.702,18.479,34.828,12.473,8.962,113.630,0.910,1.392,0.719,1.000
237,210331_SpiroWS_DiOC6+MTtracker+DAPI_63X_organism1.czi - C=0-1.tif:0055-0840-1696:c:1/4 z:55/74 - 210331_SpiroWS_DiOC6+MTtracker+DAPI_63X_orga,67.716,119.292,59.420,32.782,12.791,6.741,176.905,0.792,1.898,0.527,1.000
238,210331_SpiroWS_DiOC6+MTtracker+DAPI_63X_organism1.czi - C=0-1.tif:0043-0927-1727:c:1/4 z:43/74 - 210331_SpiroWS_DiOC6+MTtracker+DAPI_63X_orga,66.411,122.224,65.746,32.050,12.407,6.815,11.749,0.812,1.821,0.549,0.993
239,210331_SpiroWS_DiOC6+MTtracker+DAPI_63X_organism1.czi - C=0-1.tif:0043-1016-1722:c:1/4 z:43/74 - 210331_SpiroWS_DiOC6+MTtracker+DAPI_63X_orga,58.405,121.865,71.572,29.284,11.056,6.726,176.739,0.856,1.644,0.608,0.998
240,210331_SpiroWS_DiOC6+MTtracker+DAPI_63X_organism1.czi - C=0-1.tif:0043-0770-1807:c:1/4 z:43/74 - 210331_SpiroWS_DiOC6+MTtracker+DAPI_63X_orga,42.863,127.641,54.272,24.072,7.864,6.940,139.446,0.930,1.133,0.882,0.997
241,210331_SpiroWS_DiOC6+MTtracker+DAPI_63X_organism1.czi - C=0-1.tif:0043-0661-1698:c:1/4 z:43/74 - 210331_SpiroWS_DiOC6+MTtracker+DAPI_63X_orga,47.824,119.891,46.709,25.649,9.377,6.494,154.781,0.914,1.444,0.693,1.000
242,210331_SpiroWS_DiOC6+MTtracker+DAPI_63X_organism1.czi - C=0-1.tif:0044-1475-1263:c:1/4 z:44/74 - 210331_SpiroWS_DiOC6+MTtracker+DAPI_63X_orga,232.640,89.055,103.721,59.297,22.864,12.955,144.196,0.831,1.765,0.567,0.997
243,210331_SpiroWS_DiOC6+MTtracker+DAPI_63X_organism1.czi - C=0-1.tif:0044-1711-1079:c:1/4 z:44/74 - 210331_SpiroWS_DiOC6+MTtracker+DAPI_63X_orga,97.542,76.091,120.498,36.284,12.679,9.795,107.839,0.931,1.294,0.773,1.001
244,210331_SpiroWS_DiOC6+MTtracker+DAPI_63X_organism1.czi - C=0-1.tif:0038-0997-0114:c:1/4 z:38/74 - 210331_SpiroWS_DiOC6+MTtracker+DAPI_63X_orga,83.115,7.497,70.569,34.717,12.125,8.728,143.371,0.867,1.389,0.720,0.979
245,210331_SpiroWS_DiOC6+MTtracker+DAPI_63X_organism1.czi - C=0-1.tif:0062-1368-0774:c:1/4 z:62/74 - 210331_SpiroWS_DiOC6+MTtracker+DAPI_63X_orga,50.574,54.651,96.255,27.026,10.091,6.381,97.158,0.870,1.581,0.632,1.000
246,210331_SpiroWS_DiOC6+MTtracker+DAPI_63X_organism1.czi - C=0-1.tif:0062-0889-1017:c:1/4 z:62/74 - 210331_SpiroWS_DiOC6+MTtracker+DAPI_63X_orga,34.468,71.704,62.722,21.695,7.567,5.800,89.772,0.920,1.305,0.766,0.998
247,210331_SpiroWS_DiOC6+MTtracker+DAPI_63X_organism1.czi - C=0-1.tif:0069-0503-1613:c:1/4 z:69/74 - 210331_SpiroWS_DiOC6+MTtracker+DAPI_63X_orga,42.962,113.975,35.622,23.900,7.436,7.356,87.983,0.945,1.011,0.989,0.998
248,210331_SpiroWS_DiOC6+MTtracker+DAPI_63X_organism1.czi - C=0-1.tif:0071-0339-1395:c:1/4 z:71/74 - 210331_SpiroWS_DiOC6+MTtracker+DAPI_63X_orga,38.922,98.491,23.856,22.976,7.395,6.701,127.326,0.927,1.104,0.906,1.000
249,210331_SpiroWS_DiOC6+MTtracker+DAPI_63X_organism1.czi - C=0-1.tif:0074-1152-1396:c:1/4 z:74/74 - 210331_SpiroWS_DiOC6+MTtracker+DAPI_63X_orga,27.300,98.404,81.181,19.585,7.116,4.884,145.561,0.894,1.457,0.686,0.998
250,210331_SpiroWS_DiOC6+MTtracker+DAPI_63X_organism1.czi - C=0-1.tif:0074-0913-0470:c:1/4 z:74/74 - 210331_SpiroWS_DiOC6+MTtracker+DAPI_63X_orga,94.483,33.079,64.187,36.291,13.559,8.872,131.273,0.901,1.528,0.654,1.000
251,210331_SpiroWS_DiOC6+MTtracker+DAPI_63X_organism1.czi - C=0-1.tif:0074-1000-0390:c:1/4 z:74/74 - 210331_SpiroWS_DiOC6+MTtracker+DAPI_63X_orga,93.213,27.557,70.281,36.773,14.265,8.320,147.593,0.866,1.715,0.583,1.000
252,210331_SpiroWS_DiOC6+MTtracker+DAPI_63X_organism1.czi - C=0-1.tif:0074-1163-0826:c:1/4 z:74/74 - 210331_SpiroWS_DiOC6+MTtracker+DAPI_63X_orga,190.201,58.262,81.995,50.221,16.566,14.618,156.571,0.948,1.133,0.882,0.998
253,210331_SpiroWS_DiOC6+MTtracker+DAPI_63X_organism1.czi - C=0-1.tif:0074-1255-0669:c:1/4 z:74/74 - 210331_SpiroWS_DiOC6+MTtracker+DAPI_63X_orga,64.991,47.283,88.506,29.247,9.708,8.523,122.497,0.955,1.139,0.878,1.000
254,210331_SpiroWS_DiOC6+MTtracker+DAPI_63X_organism1.czi - C=0-1.tif:0074-1093-0338:c:1/4 z:74/74 - 210331_SpiroWS_DiOC6+MTtracker+DAPI_63X_orga,100.521,23.621,77.633,37.362,13.100,9.770,163.835,0.905,1.341,0.746,1.000
255,210331_SpiroWS_DiOC6+MTtracker+DAPI_63X_organism1.czi - C=0-1.tif:0074-1220-0326:c:1/4 z:74/74 - 210331_SpiroWS_DiOC6+MTtracker+DAPI_63X_orga,60.054,22.858,85.904,29.450,10.560,7.241,14.599,0.870,1.458,0.686,1.000
256,210331_SpiroWS_DiOC6+MTtracker+DAPI_63X_organism1.czi - C=0-1.tif:0074-1058-0983:c:1/4 z:74/74 - 210331_SpiroWS_DiOC6+MTtracker+DAPI_63X_orga,47.301,69.219,74.732,25.333,8.988,6.700,154.002,0.926,1.341,0.745,1.000
257,210331_SpiroWS_DiOC6+MTtracker+DAPI_63X_organism1.czi - C=0-1.tif:0074-0946-1073:c:1/4 z:74/74 - 210331_SpiroWS_DiOC6+MTtracker+DAPI_63X_orga,27.026,75.476,67.022,19.796,7.120,4.833,126.876,0.867,1.473,0.679,0.999
258,210331_SpiroWS_DiOC6+MTtracker+DAPI_63X_organism1.czi - C=0-1.tif:0062-1153-1378:c:1/4 z:62/74 - 210331_SpiroWS_DiOC6+MTtracker+DAPI_63X_orga,37.816,97.248,81.562,23.710,9.285,5.186,157.907,0.845,1.790,0.559,1.001
259,210331_SpiroWS_DiOC6+MTtracker+DAPI_63X_organism1.czi - C=0-1.tif:0056-0634-1478:c:1/4 z:56/74 - 210331_SpiroWS_DiOC6+MTtracker+DAPI_63X_orga,100.775,104.407,44.838,37.674,14.082,9.112,147.185,0.892,1.546,0.647,0.996
260,210331_SpiroWS_DiOC6+MTtracker+DAPI_63X_organism1.czi - C=0-1.tif:0074-0844-0265:c:1/4 z:74/74 - 210331_SpiroWS_DiOC6+MTtracker+DAPI_63X_orga,123.890,18.815,59.516,40.618,13.780,11.448,169.086,0.944,1.204,0.831,1.000
261,210331_SpiroWS_DiOC6+MTtracker+DAPI_63X_organism1.czi - C=0-1.tif:0074-1016-1404:c:1/4 z:74/74 - 210331_SpiroWS_DiOC6+MTtracker+DAPI_63X_orga,66.242,99.090,71.740,30.710,11.630,7.252,108.400,0.883,1.604,0.624,1.000
262,210331_SpiroWS_DiOC6+MTtracker+DAPI_63X_organism1.czi - C=0-1.tif:0074-1415-0132:c:1/4 z:74/74 - 210331_SpiroWS_DiOC6+MTtracker+DAPI_63X_orga,57.828,9.335,99.835,28.616,10.612,6.938,118.180,0.887,1.529,0.654,0.999
263,210331_SpiroWS_DiOC6+MTtracker+DAPI_63X_organism1.czi - C=0-1.tif:0074-1335-0383:c:1/4 z:74/74 - 210331_SpiroWS_DiOC6+MTtracker+DAPI_63X_orga,126.331,27.136,94.481,40.712,13.184,12.201,106.689,0.958,1.081,0.925,1.000
264,210331_SpiroWS_DiOC6+MTtracker+DAPI_63X_organism1.czi - C=0-1.tif:0074-1672-0604:c:1/4 z:74/74 - 210331_SpiroWS_DiOC6+MTtracker+DAPI_63X_orga,54.146,42.881,117.652,27.817,10.078,6.841,148.480,0.879,1.473,0.679,1.000
265,210331_SpiroWS_DiOC6+MTtracker+DAPI_63X_organism1.czi - C=0-1.tif:0074-1103-0596:c:1/4 z:74/74 - 210331_SpiroWS_DiOC6+MTtracker+DAPI_63X_orga,152.933,41.750,78.248,45.587,16.492,11.807,137.688,0.925,1.397,0.716,0.999
266,210331_SpiroWS_DiOC6+MTtracker+DAPI_63X_organism1.czi - C=0-1.tif:0074-0808-0778:c:1/4 z:74/74 - 210331_SpiroWS_DiOC6+MTtracker+DAPI_63X_orga,45.045,54.814,57.159,25.839,9.803,5.850,136.912,0.848,1.676,0.597,1.000
267,210331_SpiroWS_DiOC6+MTtracker+DAPI_63X_organism1.czi - C=0-1.tif:0074-0687-0122:c:1/4 z:74/74 - 210331_SpiroWS_DiOC6+MTtracker+DAPI_63X_orga,39.724,8.608,48.625,23.086,7.591,6.663,162.909,0.937,1.139,0.878,1.000
268,210331_SpiroWS_DiOC6+MTtracker+DAPI_63X_organism1.czi - C=0-1.tif:0074-0979-0881:c:1/4 z:74/74 - 210331_SpiroWS_DiOC6+MTtracker+DAPI_63X_orga,55.900,62.174,69.408,28.452,10.682,6.663,105.430,0.868,1.603,0.624,0.998
